City_ID,City,Lat,Lng,Max Temp,Humidity,Cloudiness,Wind Speed,Country,Date
0,tolanaro,-25.0319,46.9987,296.19,83,20,9.26,MG,1726683315
1,waitangi,-43.9535,-176.5597,281.38,88,96,3.58,NZ,1726683316
2,adamstown,-25.066,-130.1015,293.64,82,10,2.5,PN,1726683317
3,arkhangel'sk,64.5401,40.5433,285.21,100,75,2.0,RU,1726683318
4,ilulissat,69.2167,-51.1,276.16,81,75,0.0,GL,1726683319
5,wailua homesteads,22.0669,-159.378,299.59,84,100,6.69,US,1726683320
6,reyes,-14.3167,-67.3833,309.13,44,4,4.12,BO,1726683321
7,saint-joseph,-21.3667,55.6167,293.36,81,40,3.76,RE,1726683322
8,elk city,35.412,-99.4043,305.14,48,0,8.23,US,1726683325
9,hermanus,-34.4187,19.2345,284.15,77,99,8.27,ZA,1726683326
10,constantia,44.1833,28.65,289.65,60,78,5.04,RO,1726683327
11,ciamis,-7.3257,108.3534,293.22,94,69,0.95,ID,1726683328
12,radomyshl,50.4961,29.2291,288.9,58,100,4.8,UA,1726683329
13,lebu,-37.6167,-73.65,286.04,72,100,7.8,CL,1726683330
14,puerto natales,-51.7236,-72.4875,280.4,39,0,7.2,CL,1726683332
15,ardestan,33.3761,52.3694,298.64,25,0,3.27,IR,1726683333
16,ko pha ngan,9.7578,100.0291,298.18,78,100,11.99,TH,1726683334
17,bilibino,68.0546,166.4372,272.74,98,100,1.75,RU,1726683336
18,nar'yan-mar,67.6713,53.087,283.25,84,100,1.82,RU,1726683337
19,arvayheer,46.2639,102.775,275.3,75,100,5.98,MN,1726683338
20,jamestown,42.097,-79.2353,297.6,59,20,0.89,US,1726683339
21,pindobacu,-10.7417,-40.3608,304.38,24,0,4.42,BR,1726683340
22,ushuaia,-54.8,-68.3,278.96,45,40,6.69,AR,1726683341
23,dudinka,69.4058,86.1778,278.11,96,100,7.15,RU,1726683342
24,amasra,41.7463,32.3863,293.72,80,100,3.25,TR,1726683343
25,thompson,55.7435,-97.8558,297.24,57,40,2.57,CA,1726683344
26,berezovyy,51.6667,135.7,274.94,91,39,2.09,RU,1726683345
27,touros,-5.1989,-35.4608,300.81,63,50,8.44,BR,1726683346
28,birao,10.2849,22.7882,294.64,96,75,8.38,CF,1726683347
29,mujiayingzi,42.1167,118.7833,290.72,89,93,2.48,CN,1726683349
30,college,64.8569,-147.8028,282.63,87,100,1.54,US,1726683232
31,grytviken,-54.2811,-36.5092,271.79,65,9,3.89,GS,1726683351
32,severnoye,56.3491,78.3619,280.43,89,13,2.88,RU,1726683352
33,waddan,29.1614,16.139,307.34,32,33,7.36,LY,1726683353
34,praia da vitoria,38.7333,-27.0667,297.29,57,20,5.0,PT,1726683354
35,leer,53.2316,7.461,290.9,89,7,3.8,DE,1726683355
36,okha,53.5739,142.9478,280.43,74,100,5.55,RU,1726683356
37,blackmans bay,-43.0167,147.3167,279.67,73,99,0.89,AU,1726683357
38,hawaiian paradise park,19.5933,-154.9731,295.86,96,100,3.6,US,1726683358
39,hasaki,35.7333,140.8333,299.26,92,71,0.44,JP,1726683359
40,bumba,2.1833,22.4667,296.39,90,81,0.6,CD,1726683360
41,grande prairie,55.1667,-118.8027,289.25,55,75,5.14,CA,1726683362
42,polyarnyy,69.1989,33.4478,283.64,86,100,5.43,RU,1726683363
43,haiku-pauwela,20.9219,-156.3051,299.4,73,20,8.94,US,1726683364
44,rongelap,11.1635,166.8941,301.53,77,9,5.39,MH,1726683366
45,el alto,-4.2714,-81.2147,294.3,68,33,7.72,PE,1726683367
46,katsuura,35.1333,140.3,300.27,90,81,5.32,JP,1726683368
47,yatou,37.15,122.3833,296.36,91,100,1.69,CN,1726683369
48,saint-francois,46.4154,3.9054,287.95,79,0,1.03,FR,1726683370
49,iqaluit,63.7506,-68.5145,276.0,86,100,3.6,CA,1726683371
50,lively,46.4334,-81.1498,299.27,41,3,2.13,CA,1726683372
51,isafjordur,66.0755,-23.124,277.17,81,100,3.09,IS,1726683373
52,general conesa,-40.1,-64.4333,300.91,11,92,7.1,AR,1726683375
53,albany,42.6001,-73.9662,299.03,59,100,0.45,US,1726683376
54,bel ombre,-4.6167,55.4167,300.06,78,40,5.66,SC,1726683377
55,greytown,-29.0642,30.5928,287.88,93,3,1.54,ZA,1726683378
56,qamdo,31.1667,97.2333,281.07,71,14,1.24,CN,1726683379
57,port-aux-francais,-49.35,70.2167,276.72,95,100,14.88,TF,1726683380
58,bethel,41.3712,-73.414,296.81,69,0,2.57,US,1726683381
59,arraial do cabo,-22.9661,-42.0278,297.07,60,75,6.17,BR,1726683382
60,haselunne,52.6667,7.4833,292.19,77,16,2.06,DE,1726683384
61,atafu village,-8.5421,-172.5159,300.81,69,58,2.72,TK,1726683386
62,klyuchi,52.2667,79.1667,281.82,64,0,2.72,RU,1726683387
63,port augusta,-32.5,137.7667,283.28,53,0,3.19,AU,1726683388
64,sisimiut,66.9395,-53.6735,277.21,70,96,0.69,GL,1726683389
65,revda,56.801,59.9303,284.88,93,5,1.7,RU,1726683390
66,butte,39.6499,-121.5677,294.81,58,0,0.0,US,1726683391
67,badger,64.8,-147.5333,282.1,87,100,1.54,US,1726683392
68,utrik,11.2278,169.8474,301.33,74,9,4.65,MH,1726683393
69,campo belo,-20.8972,-45.2772,304.93,24,1,2.64,BR,1726683394
70,linxia chengguanzhen,35.6003,103.2064,292.76,75,76,1.26,CN,1726683395
71,edinburgh of the seven seas,-37.0676,-12.3116,285.87,82,100,10.02,SH,1726683397
72,udachny,66.4167,112.4,269.85,93,80,5.65,RU,1726683398
73,jayapura,-2.5333,140.7,297.81,94,56,2.01,ID,1726683399
74,invercargill,-46.4,168.35,280.38,82,86,4.02,NZ,1726683400
75,puerto armuelles,8.2833,-82.8667,302.09,75,99,1.79,PA,1726683401
76,baker city,44.7749,-117.8344,289.99,48,75,0.0,US,1726683402
77,veraval,20.9,70.3667,299.36,84,4,3.61,IN,1726683403
78,fort st. john,56.2499,-120.8529,286.09,67,75,5.66,CA,1726683404
79,port mathurin,-19.6833,63.4167,295.27,83,11,8.74,MU,1726683405
80,west island,-12.1568,96.8225,298.14,78,40,5.14,CC,1726683406
81,liberty,31.8335,-81.5004,303.3,35,75,2.57,US,1726683407
82,lazaro cardenas,17.9583,-102.2,303.93,65,73,1.33,MX,1726683408
83,charters towers,-20.1,146.2667,290.62,82,85,3.86,AU,1726683409
84,alice springs,-23.7,133.8833,282.9,34,0,0.0,AU,1726683165
85,kuching,1.55,110.3333,299.84,90,20,0.89,MY,1726683412
86,tabas,33.5959,56.9244,303.56,19,3,4.17,IR,1726683413
87,northam,51.0333,-4.2167,291.27,82,0,5.69,GB,1726683414
88,tofol,5.3248,163.0078,302.25,70,87,3.12,FM,1726683415
89,georgetown,5.4112,100.3354,302.11,77,20,4.63,MY,1726683416
90,watampone,-4.5386,120.3279,297.0,92,89,1.44,ID,1726683417
91,selebi-phikwe,-21.979,27.8498,301.21,17,1,0.74,BW,1726683418
92,bu'aale,1.0833,42.5833,298.02,75,64,5.73,SO,1726683419
93,bredasdorp,-34.5322,20.0403,284.12,86,90,8.11,ZA,1726683420
94,flying fish cove,-10.4217,105.6791,297.97,73,40,4.63,CX,1726683422
95,leo,11.1,-2.1,298.74,83,100,1.73,BF,1726683423
96,whitehorse,60.7161,-135.0538,283.58,59,75,8.23,CA,1726683424
97,manta,-0.95,-80.7333,299.03,73,20,6.69,EC,1726683425
98,las khorey,11.1595,48.1967,304.43,64,3,1.25,SO,1726683426
99,la passe,45.5549,-0.8967,291.47,61,5,7.48,FR,1726683427
100,amahai,-3.3333,128.9167,299.0,90,100,0.97,ID,1726683428
101,zarichne,51.8126,26.129,290.72,44,65,3.19,UA,1726683429
102,papatowai,-46.5619,169.4708,279.16,84,98,3.14,NZ,1726683430
103,margate,51.3813,1.3862,290.86,88,47,1.34,GB,1726683431
104,shingu,33.7333,135.9833,298.22,88,22,2.68,JP,1726683432
105,ta`u,-14.2336,-169.5144,299.3,78,21,2.52,AS,1726683434
106,chulym,55.0997,80.9572,279.9,81,11,1.77,RU,1726683435
107,madang,-5.2246,145.7966,298.0,94,94,0.35,PG,1726683436
108,kapenguria,1.2511,35.0895,288.1,79,87,3.06,KE,1726683437
109,itamaraca,-7.7478,-34.8256,299.86,65,54,5.47,BR,1726683438
110,dubbo,-32.25,148.6167,275.22,87,0,2.06,AU,1726683439
111,bodo,67.28,14.405,287.84,95,100,1.79,NO,1726683440
112,colares,38.7992,-9.4469,294.7,80,0,4.12,PT,1726683441
113,nguigmi,14.2495,13.1092,304.91,51,22,4.43,NE,1726683442
114,cidreira,-30.1811,-50.2056,292.32,72,63,9.38,BR,1726683443
115,gadzhiyevo,69.2551,33.3362,283.92,85,100,5.68,RU,1726683444
116,asheboro,35.7079,-79.8136,299.61,79,37,1.09,US,1726683445
117,puerto ayora,-0.7393,-90.3518,294.99,76,89,5.94,EC,1726683447
118,andrews,32.3187,-102.5457,305.97,47,3,6.32,US,1726683448
119,humahuaca,-23.2054,-65.3505,296.16,1,1,6.29,AR,1726683449
120,afaahiti,-17.75,-149.2833,297.43,87,69,5.86,PF,1726683450
121,susuman,62.7833,148.1667,273.9,75,97,1.02,RU,1726683451
122,olonkinbyen,70.9221,-8.7187,275.53,96,100,5.75,SJ,1726683452
123,iskateley,67.6803,53.1512,283.2,84,100,1.79,RU,1726683453
124,saipan,15.1355,145.701,300.54,83,40,3.6,MP,1726683454
125,tazovsky,67.4667,78.7,281.13,79,100,6.09,RU,1726683455
126,tanout,14.9709,8.8879,307.03,33,72,3.8,NE,1726683456
127,rio gallegos,-51.6226,-69.2181,282.18,43,75,7.2,AR,1726683457
128,ancud,-41.8697,-73.8203,284.54,73,100,1.06,CL,1726683458
129,volodarskiy,46.4013,48.5409,286.74,45,3,1.79,RU,1726683460
130,longyearbyen,78.2186,15.6401,278.06,93,100,1.03,SJ,1726683461
131,port elizabeth,-33.918,25.5701,288.31,88,20,4.12,ZA,1726683462
132,stanley,54.868,-1.6985,285.53,85,0,2.06,GB,1726683463
133,kuanda,56.3161,116.0806,274.88,74,89,0.85,RU,1726683464
134,queenstown,-31.8976,26.8753,288.25,35,0,1.59,ZA,1726683465
135,ribeira grande,38.5167,-28.7,298.37,44,20,5.81,PT,1726683466
136,desaguadero,-16.5656,-69.0417,287.14,36,8,6.89,PE,1726683467
137,mahina,-17.5065,-149.489,300.02,78,0,5.14,PF,1726683468
138,castillos,-34.1667,-53.8333,293.63,67,50,4.14,UY,1726683469
139,erdenet,49.0333,104.0833,270.72,94,61,1.5,MN,1726683470
140,puerto baquerizo moreno,-0.9,-89.6,296.7,73,100,6.69,EC,1726683473
141,vila franca do campo,37.7167,-25.4333,296.38,61,57,3.7,PT,1726683474
142,lompoc,34.6391,-120.4579,292.67,76,100,0.89,US,1726683475
143,thunder bay,48.4001,-89.3168,302.14,48,40,4.63,CA,1726683476
144,gunjur,13.2019,-16.7339,302.19,79,40,3.6,GM,1726683477
145,mount pearl,47.5166,-52.7813,295.22,77,75,6.17,CA,1726683478
146,green river,41.5286,-109.4662,289.92,42,92,2.24,US,1726683479
147,talnakh,69.4865,88.3972,274.32,99,100,5.9,RU,1726683480
148,strezhevoy,60.7333,77.5889,285.81,90,94,4.28,RU,1726683481
149,bollnas,61.3482,16.3946,287.49,71,53,0.7,SE,1726683482
150,saint-philippe,-21.3585,55.7679,294.2,81,45,3.85,RE,1726683483
151,canhotinho,-8.8822,-36.1911,298.5,53,20,6.33,BR,1726683485
152,otjiwarongo,-20.4637,16.6477,294.48,11,14,4.45,NA,1726683486
153,yellowknife,62.456,-114.3525,284.49,100,75,5.14,CA,1726683269
154,burutu,5.3509,5.5076,298.7,84,99,3.11,NG,1726683488
155,puerto aysen,-45.4,-72.7,280.6,100,100,0.58,CL,1726683489
156,tidjikja,18.5564,-11.4271,302.9,52,99,4.86,MR,1726683490
157,aquidauana,-20.4711,-55.7872,314.88,17,1,0.52,BR,1726683492
158,enewetak,11.3474,162.3373,301.77,74,78,4.55,MH,1726683493
159,lihue,21.9789,-159.3672,299.92,77,100,6.69,US,1726683236
160,chiredzi,-21.05,31.6667,300.89,18,0,3.43,ZW,1726683495
161,kattivakkam,13.2167,80.3167,304.34,78,74,3.42,IN,1726683496
162,canon city,38.441,-105.2424,299.24,21,0,6.17,US,1726683498
163,hithadhoo,-0.6,73.0833,301.41,76,100,6.8,MV,1726683499
164,dalianwan,39.0286,121.695,297.17,78,99,1.0,CN,1726683500
165,mount isa,-20.7333,139.5,288.02,72,75,0.0,AU,1726683501
166,nouadhibou,20.931,-17.0347,297.14,73,52,8.23,MR,1726683502
167,punta arenas,-53.15,-70.9167,279.21,49,75,11.83,CL,1726683503
168,bayanhongor,46.7167,100.1167,279.39,84,100,2.93,MN,1726683504
169,uturoa,-16.7333,-151.4333,299.41,81,60,5.69,PF,1726683505
170,trevelin,-43.0858,-71.4639,285.43,55,90,0.91,AR,1726683506
171,chonchi,-42.6128,-73.8092,288.22,62,100,1.43,CL,1726683507
172,ust-nera,64.5667,143.2,274.73,92,100,2.2,RU,1726683508
173,ormara,25.2088,64.6357,299.78,89,5,3.67,PK,1726683509
174,fuxin,42.0156,121.6589,290.94,89,42,1.28,CN,1726683511
175,scarborough,54.2797,-0.4044,286.92,87,5,0.45,GB,1726683512
176,khandyga,62.6667,135.6,275.05,99,100,1.75,RU,1726683513
177,colonia,50.9333,6.95,295.91,58,0,3.09,DE,1726683514
178,yaren,-0.5472,166.916,301.15,66,22,0.68,NR,1726683515
179,vadso,70.0744,29.7487,285.24,82,40,5.14,NO,1726683516
180,vernon,50.2581,-119.2691,294.89,48,3,1.03,CA,1726683517
181,kudat,6.8837,116.8477,298.11,94,100,1.54,MY,1726683518
182,harstad,68.799,16.5293,286.83,88,100,14.75,NO,1726683519
183,altamont,42.2068,-121.7372,289.06,74,40,2.57,US,1726683520
184,brookings,44.3114,-96.7984,300.62,69,0,8.75,US,1726683521
185,riachao das neves,-11.7461,-44.91,309.07,14,2,4.12,BR,1726683522
186,taoudenni,22.6783,-3.9836,309.48,25,42,6.74,ML,1726683524
187,conduaga,8.862,117.4893,298.58,91,100,3.67,PH,1726683525
188,zmiyevka,52.6697,36.3739,288.56,36,97,2.85,RU,1726683526
189,dorado,18.4588,-66.2677,305.9,77,100,1.79,PR,1726683527
190,mallammaduri,12.565,9.9573,301.35,61,100,2.71,NG,1726683528
191,igarka,67.4667,86.5833,278.82,97,100,5.95,RU,1726683529
192,camarinas,43.1311,-9.1817,292.0,75,5,6.73,ES,1726683530
193,awjilah,29.1081,21.2869,308.79,17,31,5.1,LY,1726683531
194,codrington,-38.2667,141.9667,282.12,85,93,4.96,AU,1726683532
195,nabire,-3.3667,135.4833,297.42,96,100,1.63,ID,1726683533
196,ola,59.5833,151.2833,278.24,77,98,1.79,RU,1726683534
197,westport,41.1415,-73.3579,296.9,72,0,4.63,US,1726683535
198,mount gambier,-37.8333,140.7667,279.9,95,86,2.74,AU,1726683537
199,miandrivazo,-19.5167,45.4667,299.2,68,1,2.36,MG,1726683538
200,nenjiang,49.1833,125.2167,282.51,39,66,1.89,CN,1726683539
201,monrovia,6.3005,-10.7969,298.79,86,68,3.69,LR,1726683540
202,dakhla,23.6848,-15.958,295.16,83,22,6.17,EH,1726683541
203,wendouree,-37.55,143.8333,280.08,94,100,1.34,AU,1726683542
204,angaur state,6.906,134.13,302.19,76,86,5.65,PW,1726683543
205,hamilton,39.1834,-84.5333,304.71,52,75,2.68,US,1726683544
206,muli,2.9167,73.5667,300.51,80,100,5.28,MV,1726683545
207,inirida,3.8653,-67.9239,310.23,40,46,0.69,CO,1726683546
208,sompeta,18.9333,84.6,299.78,85,39,1.7,IN,1726683547
209,margaret river,-33.95,115.0667,279.76,82,0,3.52,AU,1726683548
210,salbris,47.4242,2.0512,288.99,59,96,3.79,FR,1726683550
211,hadibu,12.65,54.0333,299.58,77,41,1.86,YE,1726683551
212,taltal,-25.4,-70.4833,291.46,61,15,3.94,CL,1726683552
213,ljusdal,61.8288,16.0913,287.2,73,37,0.22,SE,1726683553
214,ilha solteira,-20.4328,-51.3425,308.47,22,1,2.69,BR,1726683554
215,dharmabad,18.9,77.85,296.6,81,31,1.38,IN,1726683555
216,kharkhorin,47.1975,102.8238,272.85,96,100,0.79,MN,1726683556
217,marand,38.4329,45.7749,289.2,61,88,2.68,IR,1726683557
218,kone,-21.0595,164.8658,291.66,68,100,1.58,NC,1726683558
219,conde,-7.2597,-34.9075,300.85,61,75,6.69,BR,1726683559
220,serra branca,-6.5333,-38.2667,306.33,22,0,3.81,BR,1726683560
221,eldorado,-23.7869,-54.2836,302.87,37,0,4.58,BR,1726683561
222,kousseri,12.0769,15.0306,298.88,79,76,5.87,CM,1726683563
223,kodiak,57.79,-152.4072,284.88,62,75,2.06,US,1726683564
224,adiake,5.2863,-3.304,297.89,86,81,4.09,CI,1726683565
225,fortuna,40.5982,-124.1573,290.57,96,100,4.63,US,1726683566
226,tralee,52.2704,-9.7026,290.28,76,0,0.45,IE,1726683567
227,isna,25.2934,32.554,304.4,14,2,4.57,EG,1726683568
228,norton,-17.8833,30.7,294.12,26,0,3.54,ZW,1726683569
229,dwarka,22.2394,68.9678,300.32,79,3,4.72,IN,1726683570
230,qulsary,46.9531,54.0198,289.2,24,15,4.42,KZ,1726683571
231,kristiansund,63.1115,7.732,288.78,82,0,0.0,NO,1726683572
232,huarmey,-10.0681,-78.1522,293.22,71,53,4.61,PE,1726683573
233,zurrieq,35.8311,14.4742,296.88,73,0,3.09,MT,1726683574
234,mili,6.0815,171.735,301.18,73,32,1.21,MH,1726683576
235,placido de castro,-10.3353,-67.1856,314.46,19,4,1.57,BR,1726683578
236,happy valley-goose bay,53.3168,-60.3315,288.32,51,75,1.54,CA,1726683579
237,rumbek,6.802,29.6912,298.89,69,67,1.31,SS,1726683580
238,selkirk,50.1436,-96.8845,298.45,67,92,5.59,CA,1726683493
239,san pedro pochutla,15.7333,-96.4667,306.32,51,76,2.8,MX,1726683583
240,holualoa,19.6228,-155.9522,298.06,91,20,4.12,US,1726683584
241,telimele,10.9167,-13.3333,297.33,94,36,2.27,GN,1726683585
242,xining,36.6167,101.7667,290.45,85,29,0.71,CN,1726683586
243,axim,4.8699,-2.2405,297.62,89,52,3.68,GH,1726683587
244,lorengau,-2.0226,147.2712,300.86,83,69,3.78,PG,1726683589
245,sovetskaya gavan',48.9723,140.2878,280.9,72,2,3.47,RU,1726683590
246,pisco,-13.7,-76.2167,290.38,82,100,3.09,PE,1726683591
247,brandon,27.9378,-82.2859,307.1,66,100,4.02,US,1726683592
248,lerwick,60.1545,-1.1494,285.91,90,24,5.35,GB,1726683593
249,saint-pierre,-21.3393,55.4781,293.97,73,0,3.09,RE,1726683594
250,vorgashor,67.5833,63.95,281.68,88,99,3.41,RU,1726683595
251,kapuskasing,49.4169,-82.4331,301.2,34,40,6.17,CA,1726683596
252,fada,7.25,4.0667,295.99,98,100,0.91,NG,1726683597
253,deoband,29.7,77.6833,296.06,81,100,3.14,IN,1726683598
254,maridi,4.9158,29.4742,296.11,78,67,0.91,SS,1726683599
255,callao,-12.0667,-77.15,294.1,72,100,3.6,PE,1726683601
256,abashiri,44.0213,144.2697,286.94,78,0,4.82,JP,1726683603
257,nyandoma,61.669,40.1991,287.2,64,98,3.47,RU,1726683604
258,usogorsk,63.4106,48.6872,285.86,97,100,2.54,RU,1726683605
259,el tigre,8.8875,-64.2454,306.45,48,16,2.17,VE,1726683606
260,tura,25.5198,90.2201,298.62,88,41,1.06,IN,1726683607
261,freetown,8.484,-13.2299,301.99,79,75,4.63,SL,1726683608
262,manzhouli,49.6,117.4333,277.68,95,100,6.95,CN,1726683609
263,alotau,-10.3069,150.4462,297.03,96,95,1.69,PG,1726683610
264,terrigal,-33.45,151.45,287.14,48,0,5.05,AU,1726683612
265,khandud,36.9513,72.318,285.56,46,25,1.39,AF,1726683613
266,tsiombe,-25.3,45.4833,296.68,75,38,1.54,MG,1726683614
267,anadyr,64.75,177.4833,279.43,81,40,2.0,RU,1726683615
268,tabou,4.423,-7.3528,298.02,88,73,4.46,CI,1726683616
269,pasuquin,18.3328,120.6177,299.12,100,75,2.06,PH,1726683617
270,yulinshi,38.2906,109.7494,296.07,73,59,6.35,CN,1726683618
271,komatsu,36.4026,136.4509,300.14,89,75,2.57,JP,1726683619
272,bim son,20.0781,105.8603,296.95,95,52,2.5,VN,1726683620
273,isangel,-19.55,169.2667,292.31,70,33,4.04,VU,1726683621
274,kalamata,37.0389,22.1142,298.21,67,20,1.03,GR,1726683622
275,priozersk,61.0393,30.1291,287.56,92,100,3.08,RU,1726683623
276,port lincoln,-34.7333,135.8667,286.29,71,42,7.61,AU,1726683626
277,kalinkavichy,52.1323,29.3257,290.27,45,72,0.86,BY,1726683627
278,puerto leguizamo,-0.1934,-74.7819,309.47,35,82,1.19,CO,1726683628
279,hilo,19.7297,-155.09,295.98,94,100,3.6,US,1726683455
280,kapit,2.0167,112.9333,295.79,91,100,0.64,MY,1726683630
281,tazacorte,28.629,-17.9293,295.69,90,40,2.57,ES,1726683631
282,barakani,-12.1356,44.4317,297.78,74,14,0.3,KM,1726683632
283,le vauclin,14.5452,-60.8388,305.18,70,75,4.63,MQ,1726683633
284,naracoorte,-36.9579,140.7383,281.63,98,78,3.13,AU,1726683634
285,pangody,65.85,74.4859,284.41,85,99,0.52,RU,1726683635
286,asubulaq,49.5583,83.0558,278.18,46,0,2.01,KZ,1726683637
287,aroma,15.8167,36.1333,305.06,47,0,1.98,SD,1726683638
288,mata-utu,-13.2816,-176.1745,299.81,76,48,2.78,WF,1726683639
289,ballasalla,54.0959,-4.6296,289.04,72,0,4.12,IM,1726683640
290,coquimbo,-29.9533,-71.3436,286.0,94,100,6.17,CL,1726683641
291,heihe,50.2441,127.4902,276.47,45,100,0.29,CN,1726683642
292,villa bruzual,9.3328,-69.1208,306.11,52,73,3.89,VE,1726683643
293,tiksi,71.6872,128.8694,273.03,90,100,8.71,RU,1726683644
294,duba,27.3513,35.6901,303.24,64,0,1.88,SA,1726683645
295,nemuro,43.3236,145.575,289.32,87,0,3.22,JP,1726683646
296,tosontsengel,48.7567,98.2839,275.27,74,99,2.4,MN,1726683647
297,funafuti,-8.5243,179.1942,300.15,89,75,0.0,TV,1726683648
298,al wasitah,29.3378,31.2056,302.4,36,0,6.59,EG,1726683650
299,aasiaat,68.7098,-52.8699,273.8,82,28,3.19,GL,1726683651
300,bady bassitt,-20.9181,-49.4453,307.26,24,0,2.57,BR,1726683652
301,yambio,4.5721,28.3955,296.26,82,20,0.41,SS,1726683653
302,betio village,1.358,172.9211,300.7,74,18,3.59,KI,1726683654
303,miramichi,47.0043,-65.4654,303.17,38,22,2.27,CA,1726683655
304,kapa'a,22.0752,-159.319,300.33,81,100,6.69,US,1726683656
305,tete,-16.1564,33.5867,305.2,25,0,2.06,MZ,1726683658
306,nago,26.5881,127.9761,300.81,90,100,6.86,JP,1726683659
307,jorpeland,59.0225,6.0408,289.05,82,41,0.97,NO,1726683661
308,beau vallon,-20.4189,57.6953,295.28,83,75,1.54,MU,1726683662
309,kumeny,58.1089,49.9161,287.37,64,4,3.17,RU,1726683663
310,thisted,56.9552,8.6949,287.83,82,32,3.49,DK,1726683664
311,hotan,37.0997,79.9269,296.82,27,0,2.0,CN,1726683665
312,nikolayevsk-on-amure,53.1406,140.73,277.18,97,100,2.17,RU,1726683666
313,yerofey pavlovich,53.9667,121.9667,273.06,80,5,1.4,RU,1726683667
314,hailar,49.2,119.7,279.38,89,100,9.27,CN,1726683668
315,port alfred,-33.5906,26.891,289.36,81,47,0.45,ZA,1726683669
316,humberto de campos,-2.5983,-43.4611,306.12,43,2,6.28,BR,1726683670
317,pachino,36.7186,15.0907,296.51,71,75,3.45,IT,1726683671
318,al hudaydah,14.7978,42.9545,305.34,62,13,4.17,YE,1726683672
319,levuka,50.1834,-105.4011,293.0,88,75,6.69,CA,1726683673
320,rabaul,-4.1967,152.1721,299.76,80,26,4.0,PG,1726683675
321,nagqu,31.5,92.0,277.18,90,85,1.6,CN,1726683676
322,taroa,8.7058,171.2275,301.27,77,15,3.59,MH,1726683677
323,mothihari,26.65,84.9167,301.71,66,1,1.46,IN,1726683678
324,banda aceh,5.5577,95.3222,299.67,76,100,7.86,ID,1726683679
325,beloyarskiy,63.7119,66.6722,284.77,86,99,2.42,RU,1726683680
326,kingston,17.997,-76.7936,308.8,52,20,9.26,JM,1726683463
327,bozhou,33.8772,115.7703,297.74,94,100,4.12,CN,1726683682
328,east london,-33.0153,27.9116,289.67,77,0,3.6,ZA,1726683683
329,juhaynah,26.6732,31.4976,303.89,23,0,8.21,EG,1726683684
330,grootfontein,-19.5667,18.1167,296.91,14,95,0.51,NA,1726683685
331,geraldton,-28.7667,114.6,283.38,87,0,3.09,AU,1726683468
332,santa cruz,-17.8,-63.1667,306.85,40,1,8.23,BO,1726683530
333,zeya,53.75,127.2667,274.81,75,4,1.74,RU,1726683689
334,pursat,12.3333,103.6667,295.06,96,100,1.46,KH,1726683690
335,abepura,-2.6333,140.5833,297.6,94,20,0.51,ID,1726683691
336,cabo san lucas,22.8909,-109.9124,301.32,65,20,6.17,MX,1726683394
337,las lomitas,-24.7096,-60.593,310.3,23,19,4.34,AR,1726683694
338,avarua,-21.2078,-159.775,297.18,94,20,2.57,CK,1726683696
339,qaqortoq,60.7167,-46.0333,279.98,53,70,1.54,GL,1726683697
340,owando,-0.4819,15.8999,296.7,94,96,1.47,CG,1726683698
341,podgornoye,51.735,39.1496,283.27,57,20,0.0,RU,1726683700
342,gonabad,34.3529,58.6837,294.99,31,4,9.12,IR,1726683701
343,panjakent,39.4952,67.6093,292.29,28,93,1.28,TJ,1726683702
344,chibougamau,49.9168,-74.3659,298.94,47,40,6.69,CA,1726683703
345,petropavlovsk-kamchatsky,53.0452,158.6483,280.48,100,75,2.0,RU,1726683704
346,al kharijah,25.4514,30.5464,302.14,23,3,3.7,EG,1726683705
347,say,13.1007,2.3689,300.96,75,74,6.14,NE,1726683706
348,nuuk,64.1835,-51.7216,276.49,93,75,2.06,GL,1726683578
349,princeville,45.7668,-61.2985,300.72,67,0,3.6,CA,1726683708
350,sabang,5.8933,95.3214,300.84,79,100,12.66,ID,1726683709
351,rurrenabaque,-14.4413,-67.5278,308.98,46,3,4.12,BO,1726683710
352,labrador city,52.9463,-66.9114,288.81,53,40,3.6,CA,1726683713
353,kyren,51.6828,102.1408,271.59,90,16,0.99,RU,1726683714
354,phan rang-thap cham,11.5667,108.9833,297.96,87,100,0.74,VN,1726683715
355,fale old settlement,-9.3852,-171.2468,300.82,70,5,3.33,TK,1726683716
356,arawa,-6.2132,155.5367,297.75,91,23,0.9,PG,1726683717
357,mariehamn,60.0973,19.9348,285.07,94,0,0.0,AX,1726683718
358,pontes e lacerda,-15.2261,-59.3353,315.07,14,4,2.48,BR,1726683719
359,prado,-17.3411,-39.2208,298.19,70,15,3.18,BR,1726683720
360,la asuncion,11.0333,-63.8628,303.84,64,100,2.54,VE,1726683721
361,kwang binh,17.4833,106.6,297.88,90,100,5.32,VN,1726683722
362,sodo,6.8642,37.7628,288.32,84,88,1.44,ET,1726683724
363,vangviang,18.9333,102.45,293.98,98,95,0.91,LA,1726683725
364,altagracia de orituco,9.8601,-66.3814,304.93,53,60,2.56,VE,1726683726
365,kenai,60.5544,-151.2583,281.56,100,100,2.06,US,1726683727
366,crane,31.3974,-102.3501,305.76,39,38,7.35,US,1726683728
367,st. john's,47.5649,-52.7093,295.68,83,75,6.17,CA,1726683620
368,soio,-6.1349,12.3689,296.29,82,44,3.47,AO,1726683730
369,port saint john's,-31.6229,29.5448,292.54,83,83,0.85,ZA,1726683731
370,ciudad bolivar,8.1222,-63.5497,309.35,42,14,1.05,VE,1726683733
371,billiri,9.8647,11.2253,297.95,82,89,2.8,NG,1726683735
372,pontianak,-0.0333,109.3333,298.14,94,40,1.03,ID,1726683736
373,northallerton,54.339,-1.4324,288.09,75,0,4.12,GB,1726683737
374,lata,40.1629,-8.3327,297.62,42,1,3.02,PT,1726683738
375,adrar,20.5022,-10.0711,300.55,60,100,2.79,MR,1726683739
376,dawson creek,55.7666,-120.2362,286.95,58,0,5.14,CA,1726683740
377,al ghayzah,16.2079,52.176,298.12,81,88,2.14,YE,1726683741
378,yebaishou,41.3975,119.6408,291.55,89,91,1.24,CN,1726683742
379,sitka,57.0531,-135.33,285.09,94,100,4.63,US,1726683608
380,sao joao da barra,-21.6403,-41.0511,297.2,60,0,6.31,BR,1726683744
381,weno,7.4515,151.8468,301.12,78,100,3.09,FM,1726683745
382,tarawa,1.419,172.984,300.66,75,16,3.51,KI,1726683746
383,mwinilunga,-11.7358,24.4293,296.77,20,3,2.44,ZM,1726683748
384,tevriz,57.509,72.4042,282.2,79,72,2.41,RU,1726683749
385,siwa oasis,29.2041,25.5195,306.76,26,0,3.31,EG,1726683750
386,forster,-32.1667,152.5167,285.24,57,0,3.17,AU,1726683751
387,san salvador de jujuy,-24.1946,-65.2971,302.89,22,2,4.53,AR,1726683752
388,ar ruways,24.1103,52.7306,304.58,60,0,2.87,AE,1726683753
389,keflavik,64.0049,-22.5624,280.39,81,75,10.8,IS,1726683754
390,vilyuchinsk,52.9306,158.4028,281.3,96,100,0.53,RU,1726683755
391,neiafu,-18.65,-173.9833,294.53,94,100,2.06,TO,1726683756
392,international falls,48.6011,-93.411,300.39,65,0,2.57,US,1726683757
393,richards bay,-28.783,32.0377,294.46,81,50,1.78,ZA,1726683758
394,wenchang,30.904,118.4887,298.31,93,14,3.57,CN,1726683760
395,alpine,32.835,-116.7664,293.52,65,100,1.79,US,1726683761
396,cockburn town,21.4612,-71.1419,306.13,70,40,5.14,TC,1726683762
397,arafat,39.0344,44.6198,287.32,57,72,1.65,IR,1726683763
398,road town,18.4167,-64.6167,304.17,74,40,2.57,VG,1726683764
399,russkaya polyana,49.417,31.9201,290.35,50,95,4.59,UA,1726683765
400,uniao,-4.5858,-42.8642,313.28,18,1,1.99,BR,1726683766
401,sandnessjoen,66.0217,12.6316,287.27,94,75,10.29,NO,1726683767
402,surab,28.4914,66.2585,296.66,27,0,1.02,PK,1726683768
403,balabac,7.9868,117.0645,300.55,82,100,8.95,PH,1726683769
404,sturgeon bay,44.8342,-87.377,300.35,34,0,5.14,US,1726683770
405,abra pampa,-22.7205,-65.697,292.7,4,0,5.38,AR,1726683771
406,tomatlan,19.9333,-105.25,304.34,67,93,2.43,MX,1726683773
407,bandrele,-12.9067,45.1914,298.01,78,75,1.54,YT,1726683774
408,new glasgow,45.5834,-62.6486,294.03,57,9,2.5,CA,1726683775
409,yuzhno-kurilsk,44.0306,145.8556,288.96,74,2,1.65,RU,1726683776
410,beni saf,35.301,-1.3823,297.49,63,0,3.84,DZ,1726683777
411,akureyri,65.6835,-18.0878,279.11,87,100,11.32,IS,1726683778
412,laojunmiao,39.8333,97.7333,291.82,66,100,3.56,CN,1726683779
413,greenfield,42.9614,-88.0126,301.58,51,40,4.12,US,1726683780
414,balakovo,52.0278,47.8007,286.2,41,13,2.76,RU,1726683781
415,itoman,26.1247,127.6694,301.58,98,75,8.23,JP,1726683782
416,tallahassee,30.4383,-84.2807,303.87,75,10,0.89,US,1726683783
417,alofi,-19.0595,-169.9187,295.09,83,75,2.06,NU,1726683785
418,xibing,26.9814,119.7247,298.57,86,100,1.48,CN,1726683786
419,cedeira,43.6797,-8.0209,290.91,89,4,11.01,ES,1726683787
420,quellon,-43.1167,-73.6167,284.17,77,100,1.74,CL,1726683788
421,kitimat,54.0524,-128.6534,286.43,39,79,3.13,CA,1726683789
422,cordoba,-31.4135,-64.1811,306.72,28,0,10.29,AR,1726683642
423,lautoka,-17.6167,177.4667,294.07,73,40,3.09,FJ,1726683791
424,nizhneangarsk,55.7833,109.55,276.23,78,90,2.35,RU,1726683792
425,midvagur,62.0511,-7.1939,284.61,100,100,6.17,FO,1726683794
426,karratha,-20.7377,116.8463,297.63,69,1,2.29,AU,1726683796
427,nizhniy odes,63.6445,54.856,285.76,97,99,2.18,RU,1726683797
428,argo,37.6333,22.7333,294.72,76,74,1.06,GR,1726683798
429,uray,60.1247,64.7758,285.45,80,67,1.96,RU,1726683799
430,yeraliyev,43.2,51.65,292.41,25,80,4.62,KZ,1726683800
431,laguna,38.421,-121.4238,293.51,71,40,4.12,US,1726683801
432,agapovka,53.2973,59.1348,279.23,57,0,0.6,RU,1726683802
433,parintins,-2.6283,-56.7358,314.8,16,15,2.14,BR,1726683803
434,lodeynoye pole,60.726,33.5531,286.21,82,87,2.77,RU,1726683804
435,amarillo,35.222,-101.8313,305.57,31,0,7.2,US,1726683805
436,launceston,-41.45,147.1667,274.95,93,29,3.6,AU,1726682963
437,obo,5.3998,26.4869,295.05,92,54,1.24,CF,1726683808
438,aripuana,-9.1667,-60.6333,316.39,11,0,1.61,BR,1726683809
439,orapa,-21.2833,25.3667,300.03,15,8,2.25,BW,1726683810
440,shache,38.4167,77.2406,296.72,25,50,1.61,CN,1726683811
441,ghadamis,30.1337,9.5007,307.24,24,93,1.75,LY,1726683812
442,yuci,37.6803,112.7319,295.01,68,20,5.0,CN,1726683813
443,mar del plata,-38.0023,-57.5575,294.16,76,0,4.12,AR,1726683814
444,gay,51.4666,58.4552,282.72,47,0,3.76,RU,1726683815
445,chingirlau,51.095,54.0814,285.11,41,0,3.96,KZ,1726683816
446,shakiso,5.75,38.9167,291.71,66,98,1.24,ET,1726683817
447,nur-sultan,51.1801,71.446,276.12,81,0,5.0,KZ,1726683661
448,yung shue wan,22.2333,114.1167,303.01,77,97,1.34,HK,1726683819
449,roma,43.2128,-75.4557,297.97,58,0,1.79,US,1726683821
450,shenjiamen,29.9576,122.298,300.28,91,38,8.65,CN,1726683822
451,aktau,43.65,51.2,287.47,31,23,6.81,KZ,1726683823
452,shalqar,47.8333,59.6,289.28,28,25,8.23,KZ,1726683824
453,khuzdar,27.7384,66.6434,300.93,39,7,1.78,PK,1726683825
454,santa marta,11.2408,-74.199,306.18,70,20,2.57,CO,1726683826
455,merizo village,13.2658,144.6691,299.81,94,100,2.51,GU,1726683827
456,san antonio de pale,-1.4014,5.6325,297.98,83,99,4.89,GQ,1726683828
457,noumea,-22.2763,166.4572,290.38,67,28,3.54,NC,1726683829
458,cocal,-28.6167,-49.35,298.33,39,59,3.96,BR,1726683830
459,lagos,6.5833,3.75,297.41,92,100,2.37,NG,1726683344
460,sao martinho,39.5144,-9.1311,293.96,80,1,1.79,PT,1726683833
461,seydi,39.4816,62.9137,293.07,32,88,3.56,TM,1726683834
462,abagur,53.7308,87.2526,279.61,73,58,1.1,RU,1726683835
463,sassandra,4.95,-6.0833,297.22,93,80,3.78,CI,1726683836
464,korenevo,55.6719,38.0078,287.36,100,1,0.0,RU,1726683837
465,houghton,47.1219,-88.569,301.5,48,0,3.6,US,1726683838
466,at taj,24.2049,23.2857,304.95,13,3,4.96,LY,1726683839
467,vega de alatorre,20.0333,-96.6333,303.05,72,48,3.22,MX,1726683840
468,surskoye,54.4821,46.7214,286.68,54,27,1.5,RU,1726683841
469,suoyarvi,62.0833,32.35,286.52,73,100,3.32,RU,1726683842
470,san rafael,-34.6177,-68.3301,299.0,18,93,5.69,AR,1726683843
471,ulanhot,46.0833,122.0833,286.38,65,15,0.95,CN,1726683844
472,chyorny yar,48.0624,46.1091,287.85,22,3,4.4,RU,1726683846
473,mary,37.0,62.5,292.59,44,15,4.33,TM,1726683847
474,chernyshevskiy,63.0128,112.4714,270.26,87,83,2.1,RU,1726683848
475,ambatofinandrahana,-20.55,46.8,291.49,55,4,1.66,MG,1726683849
476,t'ongch'on-up,38.9539,127.8917,295.91,92,97,1.74,KP,1726683850
477,vila velha,-20.3297,-40.2925,298.12,71,20,5.66,BR,1726683851
478,inarajan village,13.2736,144.7484,300.04,94,100,2.66,GU,1726683852
479,okhotsk,59.3833,143.3,279.0,75,94,1.96,RU,1726683853
480,tarfaya,27.9358,-12.9218,294.93,74,32,5.18,MA,1726683854
481,mengcheng chengguanzhen,33.2661,116.566,296.97,96,33,3.79,CN,1726683855
482,villa gesell,-37.2639,-56.973,291.61,65,17,6.41,AR,1726683856
483,esmeraldas,-19.7625,-44.3139,304.72,27,12,1.29,BR,1726683858
484,yeppoon,-23.1333,150.7333,291.73,77,29,2.74,AU,1726683859
485,papao,-17.75,-149.55,299.97,79,55,4.11,PF,1726683860
486,morris,40.8334,-74.5329,295.46,70,75,3.6,US,1726683861
487,tekeli,44.83,78.8239,285.4,34,5,3.94,KZ,1726683862
488,laon,49.5667,3.6667,292.77,55,1,5.01,FR,1726683863
489,noshiro,40.2039,140.0242,292.6,75,69,0.48,JP,1726683864
490,dedougou,12.4667,-3.4667,297.86,88,100,1.55,BF,1726683865
491,zheleznodorozhnyy,55.7503,38.0042,292.64,42,2,0.89,RU,1726683724
492,bridlington,54.0831,-0.1919,287.12,87,3,1.34,GB,1726683867
493,xinzhou,38.4092,112.7333,294.31,83,70,1.09,CN,1726683870
494,luanda,-8.8368,13.2343,296.15,83,0,3.09,AO,1726683871
495,paonta sahib,30.45,77.6167,297.57,62,100,2.45,IN,1726683873
496,la gi,10.6667,107.7833,298.02,94,100,4.92,VN,1726683874
497,kalabo,-14.97,22.6814,299.63,12,0,0.99,ZM,1726683876
498,dunedin,-45.8742,170.5036,283.04,72,100,1.34,NZ,1726683877
499,coahuayana de hidalgo,18.7,-103.6583,305.0,63,77,2.23,MX,1726683879
500,homer,59.6425,-151.5483,282.47,93,100,2.06,US,1726683880
501,mugia,43.1041,-9.2179,291.99,76,5,6.47,ES,1726683881
502,morondava,-20.2833,44.2833,297.98,84,1,5.36,MG,1726683882
503,fort bragg,35.139,-79.006,303.05,60,75,1.79,US,1726683883
504,west allis,43.0167,-88.007,301.74,51,0,4.12,US,1726683884
505,marcala,14.15,-88.0333,300.86,52,68,1.7,HN,1726683885
506,santana,-0.0583,-51.1817,306.25,58,20,6.69,BR,1726683886
507,sodra sandby,56.5667,16.6167,287.07,92,19,3.22,SE,1726683887
508,hobyo,5.3505,48.5268,298.87,84,93,11.86,SO,1726683888
509,pesqueira,-8.3578,-36.6964,301.03,37,6,8.85,BR,1726683889
510,channarayapatna,12.9044,76.3917,293.25,87,38,3.66,IN,1726683890
511,lashkar gah,31.5938,64.3716,300.97,15,0,2.53,AF,1726683892
512,arteche,12.2645,125.4048,298.64,91,100,2.27,PH,1726683893
513,san luis,-33.295,-66.3356,302.72,13,100,8.23,AR,1726683894
514,gouyave,12.1646,-61.7296,303.58,79,40,5.66,GD,1726683896
515,howrah,22.5892,88.3103,303.15,79,20,0.0,IN,1726683897
516,sinabang,2.4803,96.3801,297.82,88,70,1.21,ID,1726683898
517,naze,28.3667,129.4833,299.66,90,100,11.71,JP,1726683899
518,port-gentil,-0.7193,8.7815,299.13,78,75,4.63,GA,1726683901
519,kanniyakumari,8.0833,77.5667,299.62,82,9,9.27,IN,1726683902
520,pervomayskiy,53.2485,40.2871,288.9,37,60,1.75,RU,1726683903
521,alghero,40.5589,8.3181,292.2,72,20,1.54,IT,1726683904
522,grand falls-windsor,48.9332,-55.6649,296.21,65,45,1.79,CA,1726683906
523,sao jose da coroa grande,-8.8978,-35.1478,299.56,66,42,5.35,BR,1726683907
524,dudhi,24.2167,83.25,298.06,88,3,2.44,IN,1726683908
525,mokopane,-24.1944,29.0097,297.66,24,94,1.71,ZA,1726683910
526,nicoya,10.1483,-85.452,303.27,75,53,0.46,CR,1726683911
527,bamboo flat,11.7,92.7167,299.2,89,75,1.03,IN,1726683912
528,xai-xai,-25.0519,33.6442,297.6,67,7,2.8,MZ,1726683913
529,kamaishi,39.2667,141.8833,292.93,86,47,2.36,JP,1726683914
530,mirny,62.5353,113.9611,270.9,90,74,2.36,RU,1726683915
531,sao joao dos inhamuns,-6.0,-40.2833,308.31,23,0,4.97,BR,1726683916
532,socorro,31.6546,-106.3033,303.74,25,0,3.09,US,1726683917
533,ko lanta,7.5336,99.0865,300.11,82,100,11.13,TH,1726683918
534,anqiu,36.4342,119.1925,297.95,95,100,0.84,CN,1726683919
535,rockdale,33.6501,-84.0166,299.38,68,100,0.0,US,1726683920
536,carauari,-4.8828,-66.8958,307.38,34,97,0.82,BR,1726683921
537,cascais,38.6979,-9.4215,294.79,80,0,4.12,PT,1726683923
538,tobelo,1.7284,128.0095,300.79,81,100,1.21,ID,1726683925
539,broken hill,-31.95,141.4333,284.98,16,0,5.21,AU,1726683926
540,senanga,-16.1167,23.2667,299.53,11,0,0.28,ZM,1726683927
541,prainha,-1.8,-53.48,310.11,31,0,2.98,BR,1726683928
542,armacao de buzios,-22.7469,-41.8817,297.18,64,11,6.94,BR,1726683929
543,rabo de peixe,37.8,-25.5833,295.88,60,20,6.69,PT,1726683930
544,hirara,24.8,125.2833,300.3,94,75,2.06,JP,1726683931
545,ales,44.1333,4.0833,290.45,60,73,1.59,FR,1726683932
546,paka,4.6374,103.4368,297.11,94,100,0.0,MY,1726683934
547,soroti,1.7146,33.6111,294.2,76,37,2.18,UG,1726683936
548,saldanha,-33.0117,17.9442,285.18,78,35,10.64,ZA,1726683937
549,oriximina,-1.7656,-55.8661,311.55,26,5,3.52,BR,1726683938
550,santa marta de ortigueira,43.6833,-7.85,291.62,89,2,0.89,ES,1726683939
551,el porvenir,13.7617,-87.3458,305.35,54,57,2.27,HN,1726683940
552,almeria,37.1667,-2.3333,291.51,64,40,4.29,ES,1726683941
553,fatezh,52.0891,35.8632,287.29,34,64,3.3,RU,1726683942
554,bonthe,7.5264,-12.505,299.79,80,55,3.59,SL,1726683943
555,termas de rio hondo,-27.4998,-64.8604,305.45,25,0,5.69,AR,1726683945
556,katsuren-haebaru,26.3369,127.8719,301.58,95,75,4.63,JP,1726683946
557,kavieng,-2.5744,150.7967,301.56,77,38,6.65,PG,1726683947
558,kavaratti,10.5669,72.642,301.7,70,20,6.88,IN,1726683948
559,sikasso,10.9167,-7.0,298.46,90,98,1.97,ML,1726683949
560,timaru,-44.4,171.25,279.59,75,100,2.9,NZ,1726683717
561,taungdwingyi,20.0167,95.55,298.32,92,98,0.76,MM,1726683951
562,le port,-20.9373,55.2919,294.49,90,50,1.03,RE,1726683952
563,carnarvon,-24.8667,113.6333,294.21,63,0,7.5,AU,1726683953
564,kilindoni,-7.9139,39.6668,297.88,77,1,5.0,TZ,1726683954
565,palmas,-10.2128,-48.3603,312.08,22,0,3.09,BR,1726683815
566,labasa,-16.4167,179.3833,294.86,85,99,3.11,FJ,1726683956
567,dombarovskiy,50.7587,59.5386,284.11,35,0,4.69,RU,1726683957
568,chinsali,-10.5414,32.0816,296.15,22,1,2.48,ZM,1726683959
569,antofagasta,-23.65,-70.4,288.75,70,15,2.71,CL,1726683960
570,madinat ash shamal,26.1293,51.2009,306.0,59,0,5.49,QA,1726683961
571,new norfolk,-42.7826,147.0587,280.33,75,100,3.15,AU,1726683962
572,portland,45.5234,-122.6762,292.38,85,100,2.24,US,1726683963
573,shimoda,34.6667,138.95,301.13,87,56,7.38,JP,1726683964
574,jinchang,38.4953,102.1739,293.43,75,28,0.59,CN,1726683965
575,ugoofaaru,5.6667,73.0,300.57,79,90,5.43,MV,1726683966
576,carbonear,47.7332,-53.2148,296.61,73,60,1.94,CA,1726683967
577,sillamae,59.3997,27.7547,286.33,81,95,3.48,EE,1726683724
578,mto wa mbu,-3.35,35.85,297.78,50,34,2.48,TZ,1726683969
579,hilton head island,32.2163,-80.7526,301.48,74,4,2.24,US,1726683970
580,chayan,43.0297,69.3772,292.8,25,96,2.89,KZ,1726683972
581,fuerte olimpo,-21.0415,-57.8738,314.25,19,2,5.05,PY,1726683973
582,vangaindrano,-23.35,47.6,293.7,92,13,3.11,MG,1726683974
583,kiama,-34.6833,150.8667,290.14,41,0,1.34,AU,1726683975
584,toki,35.35,137.1833,301.1,94,14,1.57,JP,1726683976
585,alaghsas,17.0187,8.0168,304.09,55,0,1.03,NE,1726683977
586,kigorobya,1.6162,31.3089,294.78,84,25,1.99,UG,1726683978
587,alappuzha,9.49,76.3264,299.86,83,7,4.23,IN,1726683979
588,kununurra,-15.7667,128.7333,298.14,53,99,2.57,AU,1726683980
589,victor rosales,22.95,-102.7,297.25,64,75,1.39,MX,1726683981
590,puerto el triunfo,13.2833,-88.55,304.67,64,65,2.37,SV,1726683982
591,prince rupert,54.3161,-130.3201,285.2,94,100,3.6,CA,1726683889
592,orsk,51.2049,58.5668,278.65,60,0,4.0,RU,1726683985
593,hastings,50.8552,0.5729,291.36,42,32,9.41,GB,1726683986
594,tanjungtiram,4.0613,98.3699,297.43,93,99,1.97,ID,1726683988
595,glace bay,46.1969,-59.957,301.56,61,40,3.09,CA,1726683989
596,belmonte,-15.8631,-38.8828,299.83,53,39,3.61,BR,1726683990
597,pokhara,28.2333,83.9833,295.09,68,5,2.23,NP,1726683991
598,yarmouth,41.7057,-70.2286,295.42,86,100,3.58,US,1726683992
599,aykhal,66.0,111.5,269.61,96,93,5.98,RU,1726683993
600,kerman,30.2832,57.0788,301.07,24,40,5.14,IR,1726683994
601,tres arroyos,-38.3739,-60.2798,298.95,34,5,3.56,AR,1726683995
602,darwin,-12.4611,130.8418,300.14,78,100,2.06,AU,1726683997
603,san patricio,28.017,-97.5169,307.12,49,10,4.8,US,1726683998
